[
{
    "pk": 1, 
    "model": "tradeschool.studentconfirmation", 
    "fields": {
        "updated": "2013-01-12T19:21:16Z", 
        "created": "2013-01-12T19:06:55Z", 
        "is_active": true, 
        "content": "{{ student.fullname }},\r\n\r\nWelcome to Trade School!\r\n\r\nYou successfully enrolled in: \"{{ schedule.course.title }}\" on: {{ schedule.start_time }}.\r\n\r\nYou agreed to bring:\r\n{{ item_list }}\r\n\r\nClasses are held at: {{ venue.address_1 }}, {{ venue.city }}.\r\n\r\nWe can reach you at {{ student.email }} or {{ student.phone }}.\r\n\r\nPlease email {{ branch.email }} if you have any questions or concerns.\r\n\r\nThanks!\r\n\r\nPS: If you have to cancel, just click {{ unregister_url }}. If you cancel less than 48 hours before the class occurs, you still owe your teacher the items you agreed to bring!", 
        "email_status": "not_sent", 
        "subject": "Welcome to Trade School!"
    }
},
{
    "pk": 20, 
    "model": "tradeschool.studentconfirmation", 
    "fields": {
        "updated": "2013-06-07T16:59:08Z", 
        "created": "2013-06-07T16:59:08Z", 
        "is_active": true, 
        "content": "{{ student.fullname }},\r\n\r\nWelcome to Trade School!\r\n\r\nYou successfully enrolled in: \"{{ schedule.course.title }}\" on: {{ schedule.start_time }}.\r\n\r\nYou agreed to bring:\r\n{{ item_list }}\r\n\r\nClasses are held at: {{ venue.address_1 }}, {{ venue.city }}.\r\n\r\nWe can reach you at {{ student.email }} or {{ student.phone }}.\r\n\r\nPlease email {{ branch.email }} if you have any questions or concerns.\r\n\r\nThanks!\r\n\r\nPS: If you have to cancel, just click {{ unregister_url }}. If you cancel less than 48 hours before the class occurs, you still owe your teacher the items you agreed to bring!", 
        "email_status": "not_sent", 
        "subject": "Welcome to Trade School!"
    }
},
{
    "pk": 21, 
    "model": "tradeschool.studentconfirmation", 
    "fields": {
        "updated": "2013-06-07T16:59:38Z", 
        "created": "2013-06-07T16:59:38Z", 
        "is_active": true, 
        "content": "{{ student.fullname }},\r\n\r\nWelcome to Trade School!\r\n\r\nYou successfully enrolled in: \"{{ schedule.course.title }}\" on: {{ schedule.start_time }}.\r\n\r\nYou agreed to bring:\r\n{{ item_list }}\r\n\r\nClasses are held at: {{ venue.address_1 }}, {{ venue.city }}.\r\n\r\nWe can reach you at {{ student.email }} or {{ student.phone }}.\r\n\r\nPlease email {{ branch.email }} if you have any questions or concerns.\r\n\r\nThanks!\r\n\r\nPS: If you have to cancel, just click {{ unregister_url }}. If you cancel less than 48 hours before the class occurs, you still owe your teacher the items you agreed to bring!", 
        "email_status": "not_sent", 
        "subject": "Welcome to Trade School!"
    }
},
{
    "pk": 22, 
    "model": "tradeschool.studentconfirmation", 
    "fields": {
        "updated": "2013-06-07T17:07:09Z", 
        "created": "2013-06-07T17:07:09Z", 
        "is_active": true, 
        "content": "{{ student.fullname }},\r\n\r\nWelcome to Trade School!\r\n\r\nYou successfully enrolled in: \"{{ schedule.course.title }}\" on: {{ schedule.start_time }}.\r\n\r\nYou agreed to bring:\r\n{{ item_list }}\r\n\r\nClasses are held at: {{ venue.address_1 }}, {{ venue.city }}.\r\n\r\nWe can reach you at {{ student.email }} or {{ student.phone }}.\r\n\r\nPlease email {{ branch.email }} if you have any questions or concerns.\r\n\r\nThanks!\r\n\r\nPS: If you have to cancel, just click {{ unregister_url }}. If you cancel less than 48 hours before the class occurs, you still owe your teacher the items you agreed to bring!", 
        "email_status": "not_sent", 
        "subject": "Welcome to Trade School!"
    }
},
{
    "pk": 23, 
    "model": "tradeschool.studentconfirmation", 
    "fields": {
        "updated": "2013-06-07T17:10:09Z", 
        "created": "2013-06-07T17:10:09Z", 
        "is_active": true, 
        "content": "{{ student.fullname }},\r\n\r\nWelcome to Trade School!\r\n\r\nYou successfully enrolled in: \"{{ schedule.course.title }}\" on: {{ schedule.start_time }}.\r\n\r\nYou agreed to bring:\r\n{{ item_list }}\r\n\r\nClasses are held at: {{ venue.address_1 }}, {{ venue.city }}.\r\n\r\nWe can reach you at {{ student.email }} or {{ student.phone }}.\r\n\r\nPlease email {{ branch.email }} if you have any questions or concerns.\r\n\r\nThanks!\r\n\r\nPS: If you have to cancel, just click {{ unregister_url }}. If you cancel less than 48 hours before the class occurs, you still owe your teacher the items you agreed to bring!", 
        "email_status": "not_sent", 
        "subject": "Welcome to Trade School!"
    }
},
{
    "pk": 1, 
    "model": "tradeschool.studentreminder", 
    "fields": {
        "updated": "2013-01-12T19:21:45Z", 
        "days_delta": -1, 
        "created": "2013-01-12T19:08:58Z", 
        "is_active": true, 
        "send_on": null, 
        "content": "Hello Trade Schooler,\r\n\r\nThis is a reminder about your class tomorrow.\r\n\r\nYou are signed up to attend \"{{ schedule.course.title }}\" with {{ teacher.fullname }} from {{ schedule.start_time}}.\r\n\r\nWe're excited to see you!\r\n\r\nTrade School is in at {{ venue.address_1 }}, {{ venue.city }}.\r\n\r\nPlease arrive on time with what you agreed to bring: \r\n{{ item_list }}\r\n\r\nIf you have any questions you can email {{ branch.email }}.\r\n\r\nIf you have to cancel, just click {{ unregister_url }}. You're canceling less than 48 hours before the class occurs, so you still owe your teacher the items you agreed to bring!\r\n\r\nUntil tomorrow,\r\nTrade School {{ branch.title }}", 
        "send_time": "10:00:00", 
        "email_status": "not_sent", 
        "subject": "a reminder about your class tomorrow"
    }
},
{
    "pk": 20, 
    "model": "tradeschool.studentreminder", 
    "fields": {
        "updated": "2013-06-07T16:59:08Z", 
        "days_delta": -1, 
        "created": "2013-06-07T16:59:08Z", 
        "is_active": true, 
        "send_on": null, 
        "content": "Hello Trade Schooler,\r\n\r\nThis is a reminder about your class tomorrow.\r\n\r\nYou are signed up to attend \"{{ schedule.course.title }}\" with {{ teacher.fullname }} from {{ schedule.start_time}}.\r\n\r\nWe're excited to see you!\r\n\r\nTrade School is in at {{ venue.address_1 }}, {{ venue.city }}.\r\n\r\nPlease arrive on time with what you agreed to bring: \r\n{{ item_list }}\r\n\r\nIf you have any questions you can email {{ branch.email }}.\r\n\r\nIf you have to cancel, just click {{ unregister_url }}. You're canceling less than 48 hours before the class occurs, so you still owe your teacher the items you agreed to bring!\r\n\r\nUntil tomorrow,\r\nTrade School {{ branch.title }}", 
        "send_time": "10:00:00", 
        "email_status": "not_sent", 
        "subject": "a reminder about your class tomorrow"
    }
},
{
    "pk": 21, 
    "model": "tradeschool.studentreminder", 
    "fields": {
        "updated": "2013-06-07T16:59:38Z", 
        "days_delta": -1, 
        "created": "2013-06-07T16:59:38Z", 
        "is_active": true, 
        "send_on": null, 
        "content": "Hello Trade Schooler,\r\n\r\nThis is a reminder about your class tomorrow.\r\n\r\nYou are signed up to attend \"{{ schedule.course.title }}\" with {{ teacher.fullname }} from {{ schedule.start_time}}.\r\n\r\nWe're excited to see you!\r\n\r\nTrade School is in at {{ venue.address_1 }}, {{ venue.city }}.\r\n\r\nPlease arrive on time with what you agreed to bring: \r\n{{ item_list }}\r\n\r\nIf you have any questions you can email {{ branch.email }}.\r\n\r\nIf you have to cancel, just click {{ unregister_url }}. You're canceling less than 48 hours before the class occurs, so you still owe your teacher the items you agreed to bring!\r\n\r\nUntil tomorrow,\r\nTrade School {{ branch.title }}", 
        "send_time": "10:00:00", 
        "email_status": "not_sent", 
        "subject": "a reminder about your class tomorrow"
    }
},
{
    "pk": 22, 
    "model": "tradeschool.studentreminder", 
    "fields": {
        "updated": "2013-06-07T17:07:09Z", 
        "days_delta": -1, 
        "created": "2013-06-07T17:07:09Z", 
        "is_active": true, 
        "send_on": null, 
        "content": "Hello Trade Schooler,\r\n\r\nThis is a reminder about your class tomorrow.\r\n\r\nYou are signed up to attend \"{{ schedule.course.title }}\" with {{ teacher.fullname }} from {{ schedule.start_time}}.\r\n\r\nWe're excited to see you!\r\n\r\nTrade School is in at {{ venue.address_1 }}, {{ venue.city }}.\r\n\r\nPlease arrive on time with what you agreed to bring: \r\n{{ item_list }}\r\n\r\nIf you have any questions you can email {{ branch.email }}.\r\n\r\nIf you have to cancel, just click {{ unregister_url }}. You're canceling less than 48 hours before the class occurs, so you still owe your teacher the items you agreed to bring!\r\n\r\nUntil tomorrow,\r\nTrade School {{ branch.title }}", 
        "send_time": "10:00:00", 
        "email_status": "not_sent", 
        "subject": "a reminder about your class tomorrow"
    }
},
{
    "pk": 23, 
    "model": "tradeschool.studentreminder", 
    "fields": {
        "updated": "2013-06-07T17:10:09Z", 
        "days_delta": -1, 
        "created": "2013-06-07T17:10:09Z", 
        "is_active": true, 
        "send_on": null, 
        "content": "Hello Trade Schooler,\r\n\r\nThis is a reminder about your class tomorrow.\r\n\r\nYou are signed up to attend \"{{ schedule.course.title }}\" with {{ teacher.fullname }} from {{ schedule.start_time}}.\r\n\r\nWe're excited to see you!\r\n\r\nTrade School is in at {{ venue.address_1 }}, {{ venue.city }}.\r\n\r\nPlease arrive on time with what you agreed to bring: \r\n{{ item_list }}\r\n\r\nIf you have any questions you can email {{ branch.email }}.\r\n\r\nIf you have to cancel, just click {{ unregister_url }}. You're canceling less than 48 hours before the class occurs, so you still owe your teacher the items you agreed to bring!\r\n\r\nUntil tomorrow,\r\nTrade School {{ branch.title }}", 
        "send_time": "10:00:00", 
        "email_status": "not_sent", 
        "subject": "a reminder about your class tomorrow"
    }
},
{
    "pk": 1, 
    "model": "tradeschool.studentfeedback", 
    "fields": {
        "updated": "2013-01-12T19:21:36Z", 
        "days_delta": -1, 
        "created": "2013-01-12T19:11:20Z", 
        "is_active": true, 
        "send_on": null, 
        "content": "{{ student.fullname }},\r\n\r\nWe hope that you enjoyed \"{{ schedule.course.title }}\" yesterday. \r\n\r\nDo you have any constructive feedback for {{ teacher.fullname }} about the class? Please be specific, remember that Trade School is a space of mutual respect, and keep in mind that teachers are always learning how to share information.\r\n\r\nYour feedback will be ANONYMOUSLY delivered to {{ teacher.fullname }}.\r\n\r\nPlease send your feedback via {{ student_feedback_url }}.\r\n\r\nThanks,\r\nTrade School {{ branch.title }}\r\n\r\nPS: Do you want to get more involved?\r\nIf you want to support Trade School with time, please contact {{ branch.email }}.\r\nIf you want to support Trade School with money (for supplies), please do so {here https://www.thefield.org/Profile.aspx?SAID=2141}.", 
        "send_time": "10:00:00", 
        "email_status": "not_sent", 
        "subject": "how was your class?"
    }
},
{
    "pk": 20, 
    "model": "tradeschool.studentfeedback", 
    "fields": {
        "updated": "2013-06-07T16:59:08Z", 
        "days_delta": 1, 
        "created": "2013-06-07T16:59:08Z", 
        "is_active": true, 
        "send_on": null, 
        "content": "{{ student.fullname }},\r\n\r\nWe hope that you enjoyed \"{{ schedule.course.title }}\" yesterday. \r\n\r\nDo you have any constructive feedback for {{ teacher.fullname }} about the class? Please be specific, remember that Trade School is a space of mutual respect, and keep in mind that teachers are always learning how to share information.\r\n\r\nYour feedback will be ANONYMOUSLY delivered to {{ teacher.fullname }}.\r\n\r\nPlease send your feedback via {{ student_feedback_url }}.\r\n\r\nThanks,\r\nTrade School {{ branch.title }}\r\n\r\nPS: Do you want to get more involved?\r\nIf you want to support Trade School with time, please contact {{ branch.email }}.\r\nIf you want to support Trade School with money (for supplies), please do so {here https://www.thefield.org/Profile.aspx?SAID=2141}.", 
        "send_time": "16:00:00", 
        "email_status": "not_sent", 
        "subject": "how was your class?"
    }
},
{
    "pk": 21, 
    "model": "tradeschool.studentfeedback", 
    "fields": {
        "updated": "2013-06-07T16:59:38Z", 
        "days_delta": 1, 
        "created": "2013-06-07T16:59:38Z", 
        "is_active": true, 
        "send_on": null, 
        "content": "{{ student.fullname }},\r\n\r\nWe hope that you enjoyed \"{{ schedule.course.title }}\" yesterday. \r\n\r\nDo you have any constructive feedback for {{ teacher.fullname }} about the class? Please be specific, remember that Trade School is a space of mutual respect, and keep in mind that teachers are always learning how to share information.\r\n\r\nYour feedback will be ANONYMOUSLY delivered to {{ teacher.fullname }}.\r\n\r\nPlease send your feedback via {{ student_feedback_url }}.\r\n\r\nThanks,\r\nTrade School {{ branch.title }}\r\n\r\nPS: Do you want to get more involved?\r\nIf you want to support Trade School with time, please contact {{ branch.email }}.\r\nIf you want to support Trade School with money (for supplies), please do so {here https://www.thefield.org/Profile.aspx?SAID=2141}.", 
        "send_time": "16:00:00", 
        "email_status": "not_sent", 
        "subject": "how was your class?"
    }
},
{
    "pk": 22, 
    "model": "tradeschool.studentfeedback", 
    "fields": {
        "updated": "2013-06-07T17:07:09Z", 
        "days_delta": 1, 
        "created": "2013-06-07T17:07:09Z", 
        "is_active": true, 
        "send_on": null, 
        "content": "{{ student.fullname }},\r\n\r\nWe hope that you enjoyed \"{{ schedule.course.title }}\" yesterday. \r\n\r\nDo you have any constructive feedback for {{ teacher.fullname }} about the class? Please be specific, remember that Trade School is a space of mutual respect, and keep in mind that teachers are always learning how to share information.\r\n\r\nYour feedback will be ANONYMOUSLY delivered to {{ teacher.fullname }}.\r\n\r\nPlease send your feedback via {{ student_feedback_url }}.\r\n\r\nThanks,\r\nTrade School {{ branch.title }}\r\n\r\nPS: Do you want to get more involved?\r\nIf you want to support Trade School with time, please contact {{ branch.email }}.\r\nIf you want to support Trade School with money (for supplies), please do so {here https://www.thefield.org/Profile.aspx?SAID=2141}.", 
        "send_time": "16:00:00", 
        "email_status": "not_sent", 
        "subject": "how was your class?"
    }
},
{
    "pk": 23, 
    "model": "tradeschool.studentfeedback", 
    "fields": {
        "updated": "2013-06-07T17:10:09Z", 
        "days_delta": 1, 
        "created": "2013-06-07T17:10:09Z", 
        "is_active": true, 
        "send_on": null, 
        "content": "{{ student.fullname }},\r\n\r\nWe hope that you enjoyed \"{{ schedule.course.title }}\" yesterday. \r\n\r\nDo you have any constructive feedback for {{ teacher.fullname }} about the class? Please be specific, remember that Trade School is a space of mutual respect, and keep in mind that teachers are always learning how to share information.\r\n\r\nYour feedback will be ANONYMOUSLY delivered to {{ teacher.fullname }}.\r\n\r\nPlease send your feedback via {{ student_feedback_url }}.\r\n\r\nThanks,\r\nTrade School {{ branch.title }}\r\n\r\nPS: Do you want to get more involved?\r\nIf you want to support Trade School with time, please contact {{ branch.email }}.\r\nIf you want to support Trade School with money (for supplies), please do so {here https://www.thefield.org/Profile.aspx?SAID=2141}.", 
        "send_time": "16:00:00", 
        "email_status": "not_sent", 
        "subject": "how was your class?"
    }
},
{
    "pk": 1, 
    "model": "tradeschool.teacherconfirmation", 
    "fields": {
        "updated": "2013-01-12T19:22:05Z", 
        "created": "2013-01-12T19:12:32Z", 
        "is_active": true, 
        "content": "Hi {{ teacher.fullname }},\r\n\r\nThanks for proposing a class!\r\n\r\nIf everything looks good, your class \"{{ schedule.course.title }}\" will be approved very soon!\r\n\r\nIf you need to change your proposal, you can make edits using {{ class_edit_url }}.\r\n\r\nWe'll let you know when you class is accepted and added to the schedule.\r\n\r\nIf you have any questions email {{ branch.email }}.", 
        "email_status": "not_sent", 
        "subject": "thanks for submitting a class!"
    }
},
{
    "pk": 20, 
    "model": "tradeschool.teacherconfirmation", 
    "fields": {
        "updated": "2013-06-07T16:59:08Z", 
        "created": "2013-06-07T16:59:08Z", 
        "is_active": true, 
        "content": "Hi {{ teacher.fullname }},\r\n\r\nThanks for proposing a class!\r\n\r\nIf everything looks good, your class \"{{ schedule.course.title }}\" will be approved very soon!\r\n\r\nIf you need to change your proposal, you can make edits using {{ class_edit_url }}.\r\n\r\nWe'll let you know when you class is accepted and added to the schedule.\r\n\r\nIf you have any questions email {{ branch.email }}.", 
        "email_status": "not_sent", 
        "subject": "thanks for submitting a class!"
    }
},
{
    "pk": 21, 
    "model": "tradeschool.teacherconfirmation", 
    "fields": {
        "updated": "2013-06-07T16:59:38Z", 
        "created": "2013-06-07T16:59:38Z", 
        "is_active": true, 
        "content": "Hi {{ teacher.fullname }},\r\n\r\nThanks for proposing a class!\r\n\r\nIf everything looks good, your class \"{{ schedule.course.title }}\" will be approved very soon!\r\n\r\nIf you need to change your proposal, you can make edits using {{ class_edit_url }}.\r\n\r\nWe'll let you know when you class is accepted and added to the schedule.\r\n\r\nIf you have any questions email {{ branch.email }}.", 
        "email_status": "not_sent", 
        "subject": "thanks for submitting a class!"
    }
},
{
    "pk": 22, 
    "model": "tradeschool.teacherconfirmation", 
    "fields": {
        "updated": "2013-06-07T17:07:09Z", 
        "created": "2013-06-07T17:07:09Z", 
        "is_active": true, 
        "content": "Hi {{ teacher.fullname }},\r\n\r\nThanks for proposing a class!\r\n\r\nIf everything looks good, your class \"{{ schedule.course.title }}\" will be approved very soon!\r\n\r\nIf you need to change your proposal, you can make edits using {{ class_edit_url }}.\r\n\r\nWe'll let you know when you class is accepted and added to the schedule.\r\n\r\nIf you have any questions email {{ branch.email }}.", 
        "email_status": "not_sent", 
        "subject": "thanks for submitting a class!"
    }
},
{
    "pk": 23, 
    "model": "tradeschool.teacherconfirmation", 
    "fields": {
        "updated": "2013-06-07T17:10:09Z", 
        "created": "2013-06-07T17:10:09Z", 
        "is_active": true, 
        "content": "Hi {{ teacher.fullname }},\r\n\r\nThanks for proposing a class!\r\n\r\nIf everything looks good, your class \"{{ schedule.course.title }}\" will be approved very soon!\r\n\r\nIf you need to change your proposal, you can make edits using {{ class_edit_url }}.\r\n\r\nWe'll let you know when you class is accepted and added to the schedule.\r\n\r\nIf you have any questions email {{ branch.email }}.", 
        "email_status": "not_sent", 
        "subject": "thanks for submitting a class!"
    }
},
{
    "pk": 1, 
    "model": "tradeschool.teacherclassapproval", 
    "fields": {
        "updated": "2013-01-12T19:21:55Z", 
        "created": "2013-01-12T19:15:58Z", 
        "is_active": true, 
        "content": "Hi  {{ teacher.fullname }},\r\n\r\nYour class, \"{{ schedule.course.title }}\" has been approved and is scheduled for {{ schedule.start_time }}. You can view it on the Trade School {{ branch.title }} homepage at {{ homepage_url }}.\r\n\r\nPlease arrive 15-30 minutes early, to set up.\r\n\r\nIf you have any questions, email {{ branch.email }} or call us at {{ branch.phone }}.\r\n\r\nWe can't wait to learn from you!\r\n\r\n\r\n\r\nPS: A Reminder....\r\n\r\nHOW IT WORKS\r\nTrade School is a space of mutual respect where students barter with teachers for instruction. Teachers submit a class description with a date/time they can teach and a list of items they want in exchange for teaching. Once a class submission is approved, it will be posted to the website. On the day of class, teachers and students meet at Trade School, barter items are given to the teacher, and the class occurs.\r\n\r\nTHE SPACE\r\nTrade School is in at {{ venue.address_1 }}, {{ venue.city }}. The room can hold roughly {{ venue.capacity }} people. The space has: {{ venue.resources }}. You can arrange the space in ANY way you like.", 
        "email_status": "not_sent", 
        "subject": "your class has been approved!"
    }
},
{
    "pk": 20, 
    "model": "tradeschool.teacherclassapproval", 
    "fields": {
        "updated": "2013-06-07T16:59:08Z", 
        "created": "2013-06-07T16:59:08Z", 
        "is_active": true, 
        "content": "Hi  {{ teacher.fullname }},\r\n\r\nYour class, \"{{ schedule.course.title }}\" has been approved and is scheduled for {{ schedule.start_time }}. You can view it on the Trade School {{ branch.title }} homepage at {{ homepage_url }}.\r\n\r\nPlease arrive 15-30 minutes early, to set up.\r\n\r\nIf you have any questions, email {{ branch.email }} or call us at {{ branch.phone }}.\r\n\r\nWe can't wait to learn from you!\r\n\r\n\r\n\r\nPS: A Reminder....\r\n\r\nHOW IT WORKS\r\nTrade School is a space of mutual respect where students barter with teachers for instruction. Teachers submit a class description with a date/time they can teach and a list of items they want in exchange for teaching. Once a class submission is approved, it will be posted to the website. On the day of class, teachers and students meet at Trade School, barter items are given to the teacher, and the class occurs.\r\n\r\nTHE SPACE\r\nTrade School is in at {{ venue.address_1 }}, {{ venue.city }}. The room can hold roughly {{ venue.capacity }} people. The space has: {{ venue.resources }}. You can arrange the space in ANY way you like.", 
        "email_status": "not_sent", 
        "subject": "your class has been approved!"
    }
},
{
    "pk": 21, 
    "model": "tradeschool.teacherclassapproval", 
    "fields": {
        "updated": "2013-06-07T16:59:38Z", 
        "created": "2013-06-07T16:59:38Z", 
        "is_active": true, 
        "content": "Hi  {{ teacher.fullname }},\r\n\r\nYour class, \"{{ schedule.course.title }}\" has been approved and is scheduled for {{ schedule.start_time }}. You can view it on the Trade School {{ branch.title }} homepage at {{ homepage_url }}.\r\n\r\nPlease arrive 15-30 minutes early, to set up.\r\n\r\nIf you have any questions, email {{ branch.email }} or call us at {{ branch.phone }}.\r\n\r\nWe can't wait to learn from you!\r\n\r\n\r\n\r\nPS: A Reminder....\r\n\r\nHOW IT WORKS\r\nTrade School is a space of mutual respect where students barter with teachers for instruction. Teachers submit a class description with a date/time they can teach and a list of items they want in exchange for teaching. Once a class submission is approved, it will be posted to the website. On the day of class, teachers and students meet at Trade School, barter items are given to the teacher, and the class occurs.\r\n\r\nTHE SPACE\r\nTrade School is in at {{ venue.address_1 }}, {{ venue.city }}. The room can hold roughly {{ venue.capacity }} people. The space has: {{ venue.resources }}. You can arrange the space in ANY way you like.", 
        "email_status": "not_sent", 
        "subject": "your class has been approved!"
    }
},
{
    "pk": 22, 
    "model": "tradeschool.teacherclassapproval", 
    "fields": {
        "updated": "2013-06-07T17:07:09Z", 
        "created": "2013-06-07T17:07:09Z", 
        "is_active": true, 
        "content": "Hi  {{ teacher.fullname }},\r\n\r\nYour class, \"{{ schedule.course.title }}\" has been approved and is scheduled for {{ schedule.start_time }}. You can view it on the Trade School {{ branch.title }} homepage at {{ homepage_url }}.\r\n\r\nPlease arrive 15-30 minutes early, to set up.\r\n\r\nIf you have any questions, email {{ branch.email }} or call us at {{ branch.phone }}.\r\n\r\nWe can't wait to learn from you!\r\n\r\n\r\n\r\nPS: A Reminder....\r\n\r\nHOW IT WORKS\r\nTrade School is a space of mutual respect where students barter with teachers for instruction. Teachers submit a class description with a date/time they can teach and a list of items they want in exchange for teaching. Once a class submission is approved, it will be posted to the website. On the day of class, teachers and students meet at Trade School, barter items are given to the teacher, and the class occurs.\r\n\r\nTHE SPACE\r\nTrade School is in at {{ venue.address_1 }}, {{ venue.city }}. The room can hold roughly {{ venue.capacity }} people. The space has: {{ venue.resources }}. You can arrange the space in ANY way you like.", 
        "email_status": "not_sent", 
        "subject": "your class has been approved!"
    }
},
{
    "pk": 23, 
    "model": "tradeschool.teacherclassapproval", 
    "fields": {
        "updated": "2013-06-07T17:10:09Z", 
        "created": "2013-06-07T17:10:09Z", 
        "is_active": true, 
        "content": "Hi  {{ teacher.fullname }},\r\n\r\nYour class, \"{{ schedule.course.title }}\" has been approved and is scheduled for {{ schedule.start_time }}. You can view it on the Trade School {{ branch.title }} homepage at {{ homepage_url }}.\r\n\r\nPlease arrive 15-30 minutes early, to set up.\r\n\r\nIf you have any questions, email {{ branch.email }} or call us at {{ branch.phone }}.\r\n\r\nWe can't wait to learn from you!\r\n\r\n\r\n\r\nPS: A Reminder....\r\n\r\nHOW IT WORKS\r\nTrade School is a space of mutual respect where students barter with teachers for instruction. Teachers submit a class description with a date/time they can teach and a list of items they want in exchange for teaching. Once a class submission is approved, it will be posted to the website. On the day of class, teachers and students meet at Trade School, barter items are given to the teacher, and the class occurs.\r\n\r\nTHE SPACE\r\nTrade School is in at {{ venue.address_1 }}, {{ venue.city }}. The room can hold roughly {{ venue.capacity }} people. The space has: {{ venue.resources }}. You can arrange the space in ANY way you like.", 
        "email_status": "not_sent", 
        "subject": "your class has been approved!"
    }
},
{
    "pk": 1, 
    "model": "tradeschool.teacherreminder", 
    "fields": {
        "updated": "2013-01-12T19:17:34Z", 
        "days_delta": -1, 
        "created": "2013-01-12T19:17:34Z", 
        "is_active": true, 
        "send_on": null, 
        "content": "Hi {{ teacher.fullname }},\r\n\r\nWe're excited to see you tomorrow!\r\n\r\nYour class, \"{{ schedule.course.title }}\" is scheduled for {{ schedule.start_time }}.\r\n\r\nPlease arrive 15-30mins early to set up.\r\n\r\nTrade School is at {{ venue.address_1 }}, {{ venue.city }}. The room can hold roughly {{ venue.capacity }} people. It has {{ venue.resources }}. You can arrange the space in ANY way you like.\r\n\r\nYour students will receive an email reminder today as well.\r\n\r\nHere is your class list and what each student agreed to bring:\r\n{{ student_list }}\r\n\r\nIf you have any questions email {{ branch.email }} or call {{ branch.phone }}.\r\n\r\nSee you later!", 
        "send_time": "10:00:00", 
        "email_status": "not_sent", 
        "subject": "We're excited to see you tomorrow!"
    }
},
{
    "pk": 20, 
    "model": "tradeschool.teacherreminder", 
    "fields": {
        "updated": "2013-06-07T16:59:08Z", 
        "days_delta": -1, 
        "created": "2013-06-07T16:59:08Z", 
        "is_active": true, 
        "send_on": null, 
        "content": "Hi {{ teacher.fullname }},\r\n\r\nWe're excited to see you tomorrow!\r\n\r\nYour class, \"{{ schedule.course.title }}\" is scheduled for {{ schedule.start_time }}.\r\n\r\nPlease arrive 15-30mins early to set up.\r\n\r\nTrade School is at {{ venue.address_1 }}, {{ venue.city }}. The room can hold roughly {{ venue.capacity }} people. It has {{ venue.resources }}. You can arrange the space in ANY way you like.\r\n\r\nYour students will receive an email reminder today as well.\r\n\r\nHere is your class list and what each student agreed to bring:\r\n{{ student_list }}\r\n\r\nIf you have any questions email {{ branch.email }} or call {{ branch.phone }}.\r\n\r\nSee you later!", 
        "send_time": "18:00:00", 
        "email_status": "not_sent", 
        "subject": "We're excited to see you tomorrow!"
    }
},
{
    "pk": 21, 
    "model": "tradeschool.teacherreminder", 
    "fields": {
        "updated": "2013-06-07T16:59:38Z", 
        "days_delta": -1, 
        "created": "2013-06-07T16:59:38Z", 
        "is_active": true, 
        "send_on": null, 
        "content": "Hi {{ teacher.fullname }},\r\n\r\nWe're excited to see you tomorrow!\r\n\r\nYour class, \"{{ schedule.course.title }}\" is scheduled for {{ schedule.start_time }}.\r\n\r\nPlease arrive 15-30mins early to set up.\r\n\r\nTrade School is at {{ venue.address_1 }}, {{ venue.city }}. The room can hold roughly {{ venue.capacity }} people. It has {{ venue.resources }}. You can arrange the space in ANY way you like.\r\n\r\nYour students will receive an email reminder today as well.\r\n\r\nHere is your class list and what each student agreed to bring:\r\n{{ student_list }}\r\n\r\nIf you have any questions email {{ branch.email }} or call {{ branch.phone }}.\r\n\r\nSee you later!", 
        "send_time": "18:00:00", 
        "email_status": "not_sent", 
        "subject": "We're excited to see you tomorrow!"
    }
},
{
    "pk": 22, 
    "model": "tradeschool.teacherreminder", 
    "fields": {
        "updated": "2013-06-07T17:07:09Z", 
        "days_delta": -1, 
        "created": "2013-06-07T17:07:09Z", 
        "is_active": true, 
        "send_on": null, 
        "content": "Hi {{ teacher.fullname }},\r\n\r\nWe're excited to see you tomorrow!\r\n\r\nYour class, \"{{ schedule.course.title }}\" is scheduled for {{ schedule.start_time }}.\r\n\r\nPlease arrive 15-30mins early to set up.\r\n\r\nTrade School is at {{ venue.address_1 }}, {{ venue.city }}. The room can hold roughly {{ venue.capacity }} people. It has {{ venue.resources }}. You can arrange the space in ANY way you like.\r\n\r\nYour students will receive an email reminder today as well.\r\n\r\nHere is your class list and what each student agreed to bring:\r\n{{ student_list }}\r\n\r\nIf you have any questions email {{ branch.email }} or call {{ branch.phone }}.\r\n\r\nSee you later!", 
        "send_time": "18:00:00", 
        "email_status": "not_sent", 
        "subject": "We're excited to see you tomorrow!"
    }
},
{
    "pk": 23, 
    "model": "tradeschool.teacherreminder", 
    "fields": {
        "updated": "2013-06-07T17:10:09Z", 
        "days_delta": -1, 
        "created": "2013-06-07T17:10:09Z", 
        "is_active": true, 
        "send_on": null, 
        "content": "Hi {{ teacher.fullname }},\r\n\r\nWe're excited to see you tomorrow!\r\n\r\nYour class, \"{{ schedule.course.title }}\" is scheduled for {{ schedule.start_time }}.\r\n\r\nPlease arrive 15-30mins early to set up.\r\n\r\nTrade School is at {{ venue.address_1 }}, {{ venue.city }}. The room can hold roughly {{ venue.capacity }} people. It has {{ venue.resources }}. You can arrange the space in ANY way you like.\r\n\r\nYour students will receive an email reminder today as well.\r\n\r\nHere is your class list and what each student agreed to bring:\r\n{{ student_list }}\r\n\r\nIf you have any questions email {{ branch.email }} or call {{ branch.phone }}.\r\n\r\nSee you later!", 
        "send_time": "18:00:00", 
        "email_status": "not_sent", 
        "subject": "We're excited to see you tomorrow!"
    }
},
{
    "pk": 1, 
    "model": "tradeschool.teacherfeedback", 
    "fields": {
        "updated": "2013-01-12T19:22:13Z", 
        "days_delta": -1, 
        "created": "2013-01-12T19:20:57Z", 
        "is_active": true, 
        "send_on": null, 
        "content": "{{ teacher.fullname }},\r\n\r\nWe hope that you enjoyed teaching \"{{ schedule.course.title }}\" yesterday.\r\n\r\nDo you have any constructive feedback for the Trade School organizers? Please be specific and keep in mind that Trade School is an all-volunteer organization.\r\n\r\nPlease give us feedback here- {{ teacher_feedback_url }}\r\n\r\nThanks,\r\nTrade School {{ branch.title }}\r\n\r\n\r\n\r\nPS: Do you want to get more involved?\r\n\r\nIf you want to support Trade School with time, please contact {{ branch.email }}. If you want to support Trade School with money (for supplies), please do so here (https://www.thefield.org/Profile.aspx?SAID=2141)", 
        "send_time": "10:00:00", 
        "email_status": "not_sent", 
        "subject": "how did it go?"
    }
},
{
    "pk": 20, 
    "model": "tradeschool.teacherfeedback", 
    "fields": {
        "updated": "2013-06-07T16:59:08Z", 
        "days_delta": 1, 
        "created": "2013-06-07T16:59:08Z", 
        "is_active": true, 
        "send_on": null, 
        "content": "{{ teacher.fullname }},\r\n\r\nWe hope that you enjoyed teaching \"{{ schedule.course.title }}\" yesterday.\r\n\r\nDo you have any constructive feedback for the Trade School organizers? Please be specific and keep in mind that Trade School is an all-volunteer organization.\r\n\r\nPlease give us feedback here- {{ teacher_feedback_url }}\r\n\r\nThanks,\r\nTrade School {{ branch.title }}\r\n\r\n\r\n\r\nPS: Do you want to get more involved?\r\n\r\nIf you want to support Trade School with time, please contact {{ branch.email }}. If you want to support Trade School with money (for supplies), please do so here (https://www.thefield.org/Profile.aspx?SAID=2141)", 
        "send_time": "18:00:00", 
        "email_status": "not_sent", 
        "subject": "how did it go?"
    }
},
{
    "pk": 21, 
    "model": "tradeschool.teacherfeedback", 
    "fields": {
        "updated": "2013-06-07T16:59:38Z", 
        "days_delta": 1, 
        "created": "2013-06-07T16:59:38Z", 
        "is_active": true, 
        "send_on": null, 
        "content": "{{ teacher.fullname }},\r\n\r\nWe hope that you enjoyed teaching \"{{ schedule.course.title }}\" yesterday.\r\n\r\nDo you have any constructive feedback for the Trade School organizers? Please be specific and keep in mind that Trade School is an all-volunteer organization.\r\n\r\nPlease give us feedback here- {{ teacher_feedback_url }}\r\n\r\nThanks,\r\nTrade School {{ branch.title }}\r\n\r\n\r\n\r\nPS: Do you want to get more involved?\r\n\r\nIf you want to support Trade School with time, please contact {{ branch.email }}. If you want to support Trade School with money (for supplies), please do so here (https://www.thefield.org/Profile.aspx?SAID=2141)", 
        "send_time": "18:00:00", 
        "email_status": "not_sent", 
        "subject": "how did it go?"
    }
},
{
    "pk": 22, 
    "model": "tradeschool.teacherfeedback", 
    "fields": {
        "updated": "2013-06-07T17:07:09Z", 
        "days_delta": 1, 
        "created": "2013-06-07T17:07:09Z", 
        "is_active": true, 
        "send_on": null, 
        "content": "{{ teacher.fullname }},\r\n\r\nWe hope that you enjoyed teaching \"{{ schedule.course.title }}\" yesterday.\r\n\r\nDo you have any constructive feedback for the Trade School organizers? Please be specific and keep in mind that Trade School is an all-volunteer organization.\r\n\r\nPlease give us feedback here- {{ teacher_feedback_url }}\r\n\r\nThanks,\r\nTrade School {{ branch.title }}\r\n\r\n\r\n\r\nPS: Do you want to get more involved?\r\n\r\nIf you want to support Trade School with time, please contact {{ branch.email }}. If you want to support Trade School with money (for supplies), please do so here (https://www.thefield.org/Profile.aspx?SAID=2141)", 
        "send_time": "18:00:00", 
        "email_status": "not_sent", 
        "subject": "how did it go?"
    }
},
{
    "pk": 23, 
    "model": "tradeschool.teacherfeedback", 
    "fields": {
        "updated": "2013-06-07T17:10:09Z", 
        "days_delta": 1, 
        "created": "2013-06-07T17:10:09Z", 
        "is_active": true, 
        "send_on": null, 
        "content": "{{ teacher.fullname }},\r\n\r\nWe hope that you enjoyed teaching \"{{ schedule.course.title }}\" yesterday.\r\n\r\nDo you have any constructive feedback for the Trade School organizers? Please be specific and keep in mind that Trade School is an all-volunteer organization.\r\n\r\nPlease give us feedback here- {{ teacher_feedback_url }}\r\n\r\nThanks,\r\nTrade School {{ branch.title }}\r\n\r\n\r\n\r\nPS: Do you want to get more involved?\r\n\r\nIf you want to support Trade School with time, please contact {{ branch.email }}. If you want to support Trade School with money (for supplies), please do so here (https://www.thefield.org/Profile.aspx?SAID=2141)", 
        "send_time": "18:00:00", 
        "email_status": "not_sent", 
        "subject": "how did it go?"
    }
},
{
    "pk": 1, 
    "model": "tradeschool.defaultemailcontainer", 
    "fields": {
        "teacher_class_approval": 1, 
        "updated": "2013-01-15T03:36:48Z", 
        "student_reminder": 1, 
        "student_confirmation": 1, 
        "teacher_feedback": 1, 
        "created": "2013-01-15T03:36:48Z", 
        "is_active": true, 
        "teacher_confirmation": 1, 
        "student_feedback": 1, 
        "teacher_reminder": 1
    }
},
{
    "pk": 11, 
    "model": "tradeschool.branchemailcontainer", 
    "fields": {
        "teacher_class_approval": 21, 
        "updated": "2013-06-07T16:59:38Z", 
        "student_reminder": 21, 
        "student_confirmation": 21, 
        "teacher_feedback": 21, 
        "created": "2013-06-07T16:59:38Z", 
        "is_active": true, 
        "teacher_confirmation": 21, 
        "branch": 13, 
        "student_feedback": 21, 
        "teacher_reminder": 21
    }
},
{
    "pk": 12, 
    "model": "tradeschool.branchemailcontainer", 
    "fields": {
        "teacher_class_approval": 22, 
        "updated": "2013-06-07T17:07:09Z", 
        "student_reminder": 22, 
        "student_confirmation": 22, 
        "teacher_feedback": 22, 
        "created": "2013-06-07T17:07:09Z", 
        "is_active": true, 
        "teacher_confirmation": 22, 
        "branch": 14, 
        "student_feedback": 22, 
        "teacher_reminder": 22
    }
},
{
    "pk": 13, 
    "model": "tradeschool.branchemailcontainer", 
    "fields": {
        "teacher_class_approval": 23, 
        "updated": "2013-06-07T17:10:09Z", 
        "student_reminder": 23, 
        "student_confirmation": 23, 
        "teacher_feedback": 23, 
        "created": "2013-06-07T17:10:09Z", 
        "is_active": true, 
        "teacher_confirmation": 23, 
        "branch": 15, 
        "student_feedback": 23, 
        "teacher_reminder": 23
    }
},
{
    "pk": 4, 
    "model": "tradeschool.venue", 
    "fields": {
        "city": "New York", 
        "updated": "2013-06-07T17:12:06Z", 
        "capacity": 20, 
        "branch": 13, 
        "venue_type": 0, 
        "title": "newyork_venue_01", 
        "color": "#202a35", 
        "country": "US", 
        "created": "2013-06-07T17:12:06Z", 
        "is_active": true, 
        "phone": "", 
        "state": "NY", 
        "address_1": "101 Test Street", 
        "address_2": null, 
        "resources": "Chairs, Tables, Projector"
    }
},
{
    "pk": 5, 
    "model": "tradeschool.venue", 
    "fields": {
        "city": "Brooklyn", 
        "updated": "2013-06-07T17:12:57Z", 
        "capacity": 30, 
        "branch": 13, 
        "venue_type": 0, 
        "title": "newyork_venue_02", 
        "color": "#21cfe1", 
        "country": "US", 
        "created": "2013-06-07T17:12:57Z", 
        "is_active": true, 
        "phone": "123-456-1234", 
        "state": "NY", 
        "address_1": "1000 Test Avenue", 
        "address_2": null, 
        "resources": "30 chairs, 3 big tables"
    }
},
{
    "pk": 6, 
    "model": "tradeschool.venue", 
    "fields": {
        "city": "Quito", 
        "updated": "2013-06-07T17:13:47Z", 
        "capacity": 35, 
        "branch": 14, 
        "venue_type": 0, 
        "title": "quito_venue_01", 
        "color": "#32fafd", 
        "country": "EC", 
        "created": "2013-06-07T17:13:47Z", 
        "is_active": true, 
        "phone": "", 
        "state": null, 
        "address_1": "10 Test Street", 
        "address_2": null, 
        "resources": "Chairs, Tables"
    }
},
{
    "pk": 7, 
    "model": "tradeschool.venue", 
    "fields": {
        "city": "Barcelona", 
        "updated": "2013-06-07T17:14:08Z", 
        "capacity": 20, 
        "branch": 15, 
        "venue_type": 0, 
        "title": "barcelona_venue_01", 
        "color": "#d876f2", 
        "country": "ES", 
        "created": "2013-06-07T17:14:08Z", 
        "is_active": true, 
        "phone": "", 
        "state": null, 
        "address_1": "50 Testing Lane", 
        "address_2": null, 
        "resources": "Chairs, Tables"
    }
},
{
    "pk": 8, 
    "model": "tradeschool.venue", 
    "fields": {
        "city": "New York", 
        "updated": "2013-06-07T17:15:10Z", 
        "capacity": 20, 
        "branch": 13, 
        "venue_type": 0, 
        "title": "newyork_venue_03", 
        "color": "#e4f054", 
        "country": "US", 
        "created": "2013-06-07T17:14:54Z", 
        "is_active": false, 
        "phone": "", 
        "state": "NY", 
        "address_1": "100 Inactive Dr.", 
        "address_2": null, 
        "resources": "Chairs, Tables"
    }
},
{
    "pk": 24, 
    "model": "tradeschool.person", 
    "fields": {
        "website": "", 
        "bio": "", 
        "updated": "2013-06-07T17:24:42Z", 
        "created": "2013-06-07T17:24:42Z", 
        "slug": "newyork-person-01", 
        "is_active": true, 
        "hashcode": "3c3787aecf9411e2927b14109fdfc929", 
        "phone": "", 
        "branch": [
            13
        ], 
        "fullname": "newyork person 01", 
        "email": "person01@email.com"
    }
},
{
    "pk": 27, 
    "model": "tradeschool.person", 
    "fields": {
        "website": "http://website.com/", 
        "bio": "hi24d", 
        "updated": "2013-06-08T14:08:40Z", 
        "created": "2013-06-08T14:08:29Z", 
        "slug": "newyork-person-02", 
        "is_active": true, 
        "hashcode": "4c3787aecf9411e2927b14109fdfc929", 
        "phone": "", 
        "branch": [
            13
        ], 
        "fullname": "newyork person 02", 
        "email": "person02@email.com"
    }
},
{
    "pk": 29, 
    "model": "tradeschool.person", 
    "fields": {
        "website": "", 
        "bio": "", 
        "updated": "2013-06-08T14:09:03Z", 
        "created": "2013-06-08T14:09:03Z", 
        "slug": "everywhere-person", 
        "is_active": true, 
        "hashcode": "6c3787aecf9411e2927b14109fdfc929", 
        "phone": "", 
        "branch": [
            15, 
            13, 
            14
        ], 
        "fullname": "everywhere person", 
        "email": "e@a.com"
    }
},
{
    "pk": 31, 
    "model": "tradeschool.person", 
    "fields": {
        "website": "", 
        "bio": "", 
        "updated": "2013-06-08T14:10:10Z", 
        "created": "2013-06-08T14:10:10Z", 
        "slug": "new-york-student", 
        "is_active": true, 
        "hashcode": "8c3787aecf9411e2927b14109fdfc927", 
        "phone": "", 
        "branch": [
            13
        ], 
        "fullname": "new york student", 
        "email": "aaa@asd.com"
    }
},
{
    "pk": 33, 
    "model": "tradeschool.person", 
    "fields": {
        "website": "", 
        "bio": "", 
        "updated": "2013-06-08T14:10:41Z", 
        "created": "2013-06-08T14:10:41Z", 
        "slug": "quito-person", 
        "is_active": true, 
        "hashcode": "9c3787aecf9411e2927b14109fdfc929", 
        "phone": "", 
        "branch": [
            14
        ], 
        "fullname": "quito person", 
        "email": "g@as.com"
    }
},
{
    "pk": 34, 
    "model": "tradeschool.person", 
    "fields": {
        "website": "http://website.com/", 
        "bio": "hello", 
        "updated": "2013-06-08T14:11:16Z", 
        "created": "2013-06-08T14:11:16Z", 
        "slug": "barcelona-person", 
        "is_active": true, 
        "hashcode": "1c3787aecf9411e2927b14109fdfc929", 
        "phone": "", 
        "branch": [
            15
        ], 
        "fullname": "barcelona person", 
        "email": "ss@asd.com"
    }
},
{
    "pk": 36, 
    "model": "tradeschool.person", 
    "fields": {
        "website": "http://c.com/", 
        "bio": "ho", 
        "updated": "2013-06-08T14:11:40Z", 
        "created": "2013-06-08T14:11:40Z", 
        "slug": "barcelona-teacher", 
        "is_active": true, 
        "hashcode": "2c3787aecf9411e2927b14109fdfc929", 
        "phone": "", 
        "branch": [
            15
        ], 
        "fullname": "barcelona teacher", 
        "email": "b@t.com"
    }
},
{
    "pk": 6, 
    "model": "tradeschool.course", 
    "fields": {
        "category": 5, 
        "updated": "2013-06-08T15:01:19Z", 
        "description": "this is a class.", 
        "created": "2013-06-07T17:24:53Z", 
        "slug": "newyork-class-01", 
        "title": "newyork_class_01", 
        "is_active": true, 
        "teacher": 24, 
        "branch": [
            13
        ], 
        "max_students": 20
    }
},
{
    "pk": 7, 
    "model": "tradeschool.course", 
    "fields": {
        "category": 6, 
        "updated": "2013-06-08T15:01:15Z", 
        "description": "this is another class", 
        "created": "2013-06-07T17:25:22Z", 
        "slug": "newyork_class_02", 
        "title": "newyork_class_02", 
        "is_active": true, 
        "teacher": 24, 
        "branch": [
            13
        ], 
        "max_students": 20
    }
},
{
    "pk": 8, 
    "model": "tradeschool.course", 
    "fields": {
        "category": 5, 
        "updated": "2013-06-08T15:01:10Z", 
        "description": "yes", 
        "created": "2013-06-08T14:23:55Z", 
        "slug": "newyork-class-03", 
        "title": "newyork class 03", 
        "is_active": true, 
        "teacher": 27, 
        "branch": [
            13
        ], 
        "max_students": 10
    }
},
{
    "pk": 9, 
    "model": "tradeschool.course", 
    "fields": {
        "category": 5, 
        "updated": "2013-06-08T15:01:06Z", 
        "description": "it's everywhere", 
        "created": "2013-06-08T14:24:11Z", 
        "slug": "everywhere-class-01", 
        "title": "everywhere class 01", 
        "is_active": true, 
        "teacher": 29, 
        "branch": [
            15, 
            13, 
            14
        ], 
        "max_students": 20
    }
},
{
    "pk": 10, 
    "model": "tradeschool.course", 
    "fields": {
        "category": 5, 
        "updated": "2013-06-08T15:00:38Z", 
        "description": "s", 
        "created": "2013-06-08T14:24:26Z", 
        "slug": "quito-class-01", 
        "title": "quito class 01", 
        "is_active": true, 
        "teacher": 29, 
        "branch": [
            14
        ], 
        "max_students": 20
    }
},
{
    "pk": 11, 
    "model": "tradeschool.course", 
    "fields": {
        "category": 5, 
        "updated": "2013-06-08T15:00:31Z", 
        "description": "f", 
        "created": "2013-06-08T14:24:41Z", 
        "slug": "barcelona-class-01", 
        "title": "barcelona class 01", 
        "is_active": true, 
        "teacher": 36, 
        "branch": [
            15
        ], 
        "max_students": 20
    }
},
{
    "pk": 1, 
    "model": "auth.user", 
    "fields": {
        "username": "admin", 
        "first_name": "admin", 
        "last_name": "istrator", 
        "is_active": true, 
        "is_superuser": true, 
        "is_staff": true, 
        "last_login": "2013-06-06T22:03:54Z", 
        "groups": [], 
        "user_permissions": [], 
        "password": "pbkdf2_sha256$10000$0o2NURcmhMJf$KUrv/eVojb1nvM7YxwqAN0wUAxLQdu/taZW6VD+pYok=", 
        "email": "admin@test.tradeschool.coop", 
        "date_joined": "2013-01-29T23:51:07Z"
    }
},
{
    "pk": 3, 
    "model": "auth.user", 
    "fields": {
        "username": "newyork_admin", 
        "first_name": "", 
        "last_name": "", 
        "is_active": true, 
        "is_superuser": false, 
        "is_staff": false, 
        "last_login": "2013-06-07T16:57:03Z", 
        "groups": [], 
        "user_permissions": [], 
        "password": "pbkdf2_sha256$10000$XaSuY4PxS7F8$sF/7D50uzxMgEOsC9B9sKqj4trDAIGBN/gV37qKpZF4=", 
        "email": "", 
        "date_joined": "2013-06-07T16:57:03Z"
    }
},
{
    "pk": 4, 
    "model": "auth.user", 
    "fields": {
        "username": "quito_admin", 
        "first_name": "", 
        "last_name": "", 
        "is_active": true, 
        "is_superuser": false, 
        "is_staff": false, 
        "last_login": "2013-06-07T16:57:46Z", 
        "groups": [], 
        "user_permissions": [], 
        "password": "pbkdf2_sha256$10000$7BqfjamXuNwA$9adly/izX1e7yYXMtXpNcrNvcZrUnY1lHpqbbrg0mNE=", 
        "email": "", 
        "date_joined": "2013-06-07T16:57:46Z"
    }
},
{
    "pk": 5, 
    "model": "auth.user", 
    "fields": {
        "username": "barcelona_admin", 
        "first_name": "", 
        "last_name": "", 
        "is_active": true, 
        "is_superuser": false, 
        "is_staff": false, 
        "last_login": "2013-06-07T16:58:23Z", 
        "groups": [], 
        "user_permissions": [], 
        "password": "pbkdf2_sha256$10000$2q6wB9PVhVgb$aMr0cx3mBf56R3TSXDfF1KfSvtftReysNq7WqbFjzl8=", 
        "email": "", 
        "date_joined": "2013-06-07T16:58:23Z"
    }
},
{
    "pk": 6, 
    "model": "auth.user", 
    "fields": {
        "username": "newyork_quiito_admin", 
        "first_name": "", 
        "last_name": "", 
        "is_active": true, 
        "is_superuser": false, 
        "is_staff": false, 
        "last_login": "2013-06-07T16:58:43Z", 
        "groups": [], 
        "user_permissions": [], 
        "password": "pbkdf2_sha256$10000$SeOU1QL4ggGU$9I5M9PEhFOizjIvicXZ3MAeV8jgBt51TjA7qhAf3jmk=", 
        "email": "", 
        "date_joined": "2013-06-07T16:58:43Z"
    }
},
{
    "pk": 1, 
    "model": "sites.site", 
    "fields": {
        "domain": "http://test.tradeschool.coop", 
        "name": "Test Site"
    }
},
{
    "pk": 13, 
    "model": "tradeschool.branch", 
    "fields": {
        "organizers": [
            3, 
            6
        ], 
        "city": "New York", 
        "updated": "2013-06-08T15:02:00Z", 
        "language": "en", 
        "title": "Test New York", 
        "intro_copy": "<p>Trade School is a self-organized learning space that runs on barter. Rather than paying for classes with money, sign up for classes by meeting your teacher's barter requests. In May and June, classes run every Tuesday night at 75 East 4th St. between Bowery/3rd and 2nd Ave. Click on a class below for information.</p>", 
        "country": "US", 
        "header_copy": "<p>barter for knowledge</p>", 
        "created": "2013-06-07T16:59:38Z", 
        "is_active": true, 
        "site": 1, 
        "email": "newyork@test.tradeschool.coop", 
        "cluster": null, 
        "phone": "", 
        "state": "NY", 
        "footer_copy": "", 
        "timezone": "America/New_York", 
        "slug": "test-new-ork"
    }
},
{
    "pk": 14, 
    "model": "tradeschool.branch", 
    "fields": {
        "organizers": [
            4, 
            6
        ], 
        "city": "Quito", 
        "updated": "2013-06-08T15:02:12Z", 
        "language": "es-MX", 
        "title": "Test Quito", 
        "intro_copy": "<p><strong>LA TRUECA</strong>&nbsp;es un espacio de aprendizaje que funciona en base al trueque - compartiendo ideas, conocimientos, habilidades, pasiones, gustos y necesidades.</p>\r\n<p><a href=\"http://tradeschool.coop/quito/class/teacher-info\">COMPARTE TUS CONOCIMIENTOS</a></p>", 
        "country": "EC", 
        "header_copy": "<p>CONOCIMIENTOS POR TRUEQUE</p>", 
        "created": "2013-06-07T17:07:09Z", 
        "is_active": true, 
        "site": 1, 
        "email": "quito@test.tradeschool.coop", 
        "cluster": null, 
        "phone": "", 
        "state": null, 
        "footer_copy": "<p><span>La SEGUNDA TEMPORADA de la TRUECA funcionar&aacute; de ABRIL a AGOSTO 2013.&nbsp;</span><a href=\"http://www.facebook.com/latrueca.quito?fref=ts\">S&iacute;guenos en facebook</a><span>. Si quieres ser voluntari@ o tienes inquietudes, comentarios o sugerencias para&nbsp;</span><strong>LA TRUECA</strong><span>escr&iacute;benos a&nbsp;</span><strong>latrueca@gmail.com</strong></p>", 
        "timezone": "Etc/GMT-5", 
        "slug": "test-quito"
    }
},
{
    "pk": 15, 
    "model": "tradeschool.branch", 
    "fields": {
        "organizers": [
            5
        ], 
        "city": "Barcelona", 
        "updated": "2013-06-08T15:01:48Z", 
        "language": "es-ES", 
        "title": "Test Barcelona", 
        "intro_copy": "<p>Los Espacios de Aprendizaje Colectivo funcionan a trav&eacute;s del trueque de ideas, bienes y conocimientos</p>\r\n<p><a href=\"http://tradeschool.coop/barcelona/class/teacher-info\">Quiero ofrecer una actividad</a>.</p>", 
        "country": "ES", 
        "header_copy": "<h2>CONOCIMIENTOS POR TRUEQUE</h2>", 
        "created": "2013-06-07T17:10:09Z", 
        "is_active": true, 
        "site": 1, 
        "email": "barcelona@test.tradeschool.coop", 
        "cluster": null, 
        "phone": "111-222-1234", 
        "state": null, 
        "footer_copy": "<p><span>Trade School Barcelona funciona en&nbsp;</span><strong><a href=\"http://www.aureasocial.org/\">AureaSocial</a></strong><span>, calle Sarde&ntilde;a 261, 08013 Barcelona&nbsp;</span><strong><a href=\"mailto:barcelona@tradeschool.coop\">Contact</a></strong><span>&nbsp;&iquest;Quieres saber m&aacute;s? haz click aqu&iacute;&nbsp;</span><strong><a href=\"http://tradeschool.coop/\">Trade School</a></strong><span>.</span></p>", 
        "timezone": "Etc/GMT+1", 
        "slug": "test-barcelona"
    }
}
]
